{"cameraMode":{"drawMode":0,"name":"Shaded","section":"Shading Mode"},"sceneLighting":true,"audioPlay":false,"sceneViewState":{"showFog":true,"showMaterialUpdate":false,"showSkybox":true,"showFlares":true,"showImageEffects":true,"showParticleSystems":true},"in2DMode":false,"pivot":{"x":5.051262855529785,"y":2.543490409851074,"z":0.4830418825149536},"rotation":{"x":-0.2553970515727997,"y":0.7027382850646973,"z":-0.304020494222641,"w":-0.5903466939926148},"size":14.474455833435059,"orthographic":false}